stationIDX,lat,lon,name,url
3158,57.15736,-2.094278,"Aberdeen, United Kingdom",https://aqicn.org/city/united-kingdom/aberdeen
3159,55.79216,-3.2429,"Auchencorth Moss, United Kingdom",https://aqicn.org/city/united-kingdom/auchencorth-moss
3160,54.59965,-5.928833,"Belfast Centre, United Kingdom",https://aqicn.org/city/united-kingdom/belfast-centre
3161,52.437165,-1.829999,"Birmingham Acocks Green, United Kingdom",https://aqicn.org/city/united-kingdom/birmingham-acocks-green
3162,52.511722,-1.830583,"Birmingham Tyburn, United Kingdom",https://aqicn.org/city/united-kingdom/birmingham-tyburn
3163,52.512194,-1.830861,Birmingham Tyburn Roadside,http://aqicn.org/city/united-kingdom/birmingham-tyburn-roadside/
3164,53.80489,-3.007175,"Blackpool Marton, United Kingdom",https://aqicn.org/city/united-kingdom/blackpool-marton
3165,51.462839,-2.584482,Bristol St Paul\'s,http://aqicn.org/city/united-kingdom/bristol-st-pauls/
3166,51.54421,-0.175269,"Camden Kerbside, United Kingdom",https://aqicn.org/city/united-kingdom/camden-kerbside
3167,51.48178,-3.17625,"Cardiff Centre, United Kingdom",https://aqicn.org/city/united-kingdom/cardiff-centre
3168,54.894834,-2.945307,"Carlisle Roadside, United Kingdom",https://aqicn.org/city/united-kingdom/carlisle-roadside
3169,51.374264,0.54797,"Chatham Roadside, United Kingdom",https://aqicn.org/city/united-kingdom/chatham-roadside
3170,51.638094,-2.678731,"Chepstow A48, United Kingdom",https://aqicn.org/city/united-kingdom/chepstow-a48
3171,53.230583,-1.433611,Chesterfield,http://aqicn.org/city/united-kingdom/chesterfield/
3172,53.231722,-1.456944,"Chesterfield Roadside, United Kingdom",https://aqicn.org/city/united-kingdom/chesterfield-roadside
3173,52.394399,-1.519612,Coventry Memorial Park,http://aqicn.org/city/united-kingdom/coventry-memorial-park/
3174,55.001225,-7.329115,Derry,http://aqicn.org/city/united-kingdom/derry/
3175,50.805778,0.271611,"Eastbourne, United Kingdom",https://aqicn.org/city/united-kingdom/eastbourne
3176,55.945589,-3.182186,"Edinburgh St Leonards, United Kingdom",https://aqicn.org/city/united-kingdom/edinburgh-st-leonards
3177,55.85917,-4.258889,"Glasgow Kerbside, United Kingdom",https://aqicn.org/city/united-kingdom/glasgow-kerbside
3178,56.010319,-3.704399,"Grangemouth, United Kingdom",https://aqicn.org/city/united-kingdom/grangemouth
3179,51.5993,-0.068218,"Haringey Roadside, United Kingdom",https://aqicn.org/city/united-kingdom/haringey-roadside
3180,51.571078,-1.325283,Harwell,http://aqicn.org/city/united-kingdom/harwell/
3181,53.74878,-0.341222,"Hull Freetown, United Kingdom",https://aqicn.org/city/united-kingdom/hull-freetown
3182,52.28881,-1.533119,"Leamington Spa, United Kingdom",https://aqicn.org/city/united-kingdom/leamington-spa
3183,52.294884,-1.542911,"Leamington Spa Rugby Road, United Kingdom",https://aqicn.org/city/united-kingdom/leamington-spa-rugby-road
3184,53.80378,-1.546472,"Leeds Centre, United Kingdom",https://aqicn.org/city/united-kingdom/leeds-centre
3185,53.819972,-1.576361,"Leeds Headingley Kerbside, United Kingdom",https://aqicn.org/city/united-kingdom/leeds-headingley-kerbside
3186,52.631348,-1.133006,Leicester Centre,http://aqicn.org/city/united-kingdom/leicester-centre/
3187,53.34633,-2.844333,"Liverpool Speke, United Kingdom",https://aqicn.org/city/united-kingdom/liverpool-speke
3188,51.46603,0.184806,"London Bexley, United Kingdom",https://aqicn.org/city/united-kingdom/london-bexley
3189,51.52229,-0.125889,"London Bloomsbury, United Kingdom",https://aqicn.org/city/united-kingdom/london-bloomsbury
3190,51.45258,0.070766,"London Eltham, United Kingdom",https://aqicn.org/city/united-kingdom/london-eltham
3191,51.48879,-0.441614,"London Harlington, United Kingdom",https://aqicn.org/city/united-kingdom/london-harlington
3192,51.617333,-0.298777,"London Harrow Stanmore, United Kingdom",https://aqicn.org/city/united-kingdom/london-harrow-stanmore
3193,51.52253,-0.154611,"London Marylebone Road, United Kingdom",https://aqicn.org/city/united-kingdom/london-marylebone-road
3194,51.52105,-0.213492,"London N. Kensington, United Kingdom",https://aqicn.org/city/united-kingdom/london-n.-kensington
3195,51.425286,-0.345606,"London Teddington Bushy Park, United Kingdom",https://aqicn.org/city/united-kingdom/london-teddington-bushy-park
3196,53.48152,-2.237881,"Manchester Piccadilly, United Kingdom",https://aqicn.org/city/united-kingdom/manchester-piccadilly
3197,54.569297,-1.220874,"Middlesbrough, United Kingdom",https://aqicn.org/city/united-kingdom/middlesbrough
3198,54.97825,-1.610528,"Newcastle Centre, United Kingdom",https://aqicn.org/city/united-kingdom/newcastle-centre
3199,52.614193,1.301976,"Norwich Lakenfields, United Kingdom",https://aqicn.org/city/united-kingdom/norwich-lakenfields
3200,52.95473,-1.146447,"Nottingham Centre, United Kingdom",https://aqicn.org/city/united-kingdom/nottingham-centre
3201,51.744806,-1.260278,"Oxford St Ebbes, United Kingdom",https://aqicn.org/city/united-kingdom/oxford-st-ebbes
3202,50.37167,-4.142361,"Plymouth Centre, United Kingdom",https://aqicn.org/city/united-kingdom/plymouth-centre
3203,51.58395,-3.770822,"Port Talbot Margam, United Kingdom",https://aqicn.org/city/united-kingdom/port-talbot-margam
3204,50.82881,-1.068583,"Portsmouth, United Kingdom",https://aqicn.org/city/united-kingdom/portsmouth
3205,53.76559,-2.680353,"Preston, United Kingdom",https://aqicn.org/city/united-kingdom/preston
3206,51.45309,-0.944067,"Reading New Town, United Kingdom",https://aqicn.org/city/united-kingdom/reading-new-town
3207,51.45617,0.634889,"Rochester Stoke, United Kingdom",https://aqicn.org/city/united-kingdom/rochester-stoke
3208,53.48481,-2.334139,"Salford Eccles, United Kingdom",https://aqicn.org/city/united-kingdom/salford-eccles
3209,50.411463,-4.227678,"Saltash Callington Road, United Kingdom",https://aqicn.org/city/united-kingdom/saltash-callington-road
3210,52.132417,-0.300306,"Sandy Roadside, United Kingdom",https://aqicn.org/city/united-kingdom/sandy-roadside
3211,50.90814,-1.395778,"Southampton Centre, United Kingdom",https://aqicn.org/city/united-kingdom/southampton-centre
3212,51.544206,0.678408,"Southend-on-Sea, United Kingdom",https://aqicn.org/city/united-kingdom/southend-on-sea
3213,51.518167,0.439548,"Stanford-le-Hope Roadside, United Kingdom",https://aqicn.org/city/united-kingdom/stanford-le-hope-roadside
3214,54.516667,-1.358547,"Stockton-on-Tees Eaglescliffe, United Kingdom",https://aqicn.org/city/united-kingdom/stockton-on-tees-eaglescliffe
3215,53.02821,-2.175133,"Stoke-on-Trent Centre, United Kingdom",https://aqicn.org/city/united-kingdom/stoke-on-trent-centre
3216,50.916932,-0.449548,"Storrington Roadside, United Kingdom",https://aqicn.org/city/united-kingdom/storrington-roadside
3217,54.88361,-1.406878,"Sunderland Silksworth, United Kingdom",https://aqicn.org/city/united-kingdom/sunderland-silksworth
3218,51.632696,-3.947374,"Swansea Roadside, United Kingdom",https://aqicn.org/city/united-kingdom/swansea-roadside
3219,53.38928,-2.615358,"Warrington, United Kingdom",https://aqicn.org/city/united-kingdom/warrington
3220,53.54914,-2.638139,"Wigan Centre, United Kingdom",https://aqicn.org/city/united-kingdom/wigan-centre
3221,53.37287,-3.022722,"Wirral Tranmere, United Kingdom",https://aqicn.org/city/united-kingdom/wirral-tranmere
3222,53.967513,-1.086514,"York Bootham, United Kingdom",https://aqicn.org/city/united-kingdom/york-bootham
3223,53.951889,-1.075861,"York Fishergate, United Kingdom",https://aqicn.org/city/united-kingdom/york-fishergate
3224,52.199575,0.12774,"Cambridge Gonville Place, United Kingdom",https://aqicn.org/city/united-kingdom/cambridge-gonville-place
3225,52.20843,0.141521,"Cambridge Newmarket Road, United Kingdom",https://aqicn.org/city/united-kingdom/cambridge-newmarket-road
3226,52.225556,0.087222,"Girton Road, United Kingdom",https://aqicn.org/city/united-kingdom/girton-road
3390,51.487534,-0.479451,"London Hillingdon Harmondsworth Os, United Kingdom",https://aqicn.org/city/united-kingdom/london-hillingdon-harmondsworth-os
4600,49.50019176,0.110902804,"Rue  Lafaurie (coté Montant), Le Havre, France",https://aqicn.org/city/france/le-havre/rue--lafaurie-cote-montant
4601,49.63636524,-1.626667315,"Cherbourg Rue Paul Doumer, France",https://aqicn.org/city/france/normandie/cherbourg-rue-paul-doumer
4602,49.64694862,-1.593416886,"Tourlaville - Boulevard Maritime, France",https://aqicn.org/city/france/normandie/tourlaville-boulevard-maritime
4610,49.9180081,1.073972133,"Dieppe, avenue Gambetta, proxi auto, France",https://aqicn.org/city/france/normandie/dieppe--avenue-gambetta--proxi-auto
4611,49.91636885,0.957177604,"Phare d Ailly, France",https://aqicn.org/city/france/normandie/phare-d-ailly
4903,51.074793,-4.041924,"Barnstaple A39, United Kingdom",https://aqicn.org/city/united-kingdom/barnstaple-a39
4904,55.865782,-4.243631,"Glasgow Townhead, United Kingdom",https://aqicn.org/city/united-kingdom/glasgow-townhead
4905,52.619823,-1.127311,"Leicester University, United Kingdom",https://aqicn.org/city/united-kingdom/leicester-university
5014,50.94728682,1.843080895,"Calais Berthelot, Nord-Pas-de-Calais, France",https://aqicn.org/city/france/nord-pas-de-calais/calais-berthelot
5017,50.61047931,1.9914529,"Campagne-l, Nord-Pas-de-Calais",http://aqicn.org/city/france/nord-pas-de-calais/campagne-l/
5020,51.601203,-2.977281,"Newport, United Kingdom",https://aqicn.org/city/united-kingdom/newport
5021,53.378622,-1.478096,"Sheffield Devonshire Green, United Kingdom",https://aqicn.org/city/united-kingdom/sheffield-devonshire-green
5108,53.200903,-6.1110741,"Bray, Ireland",https://aqicn.org/city/ireland/bray
5109,53.7238764,-9.0017356,Claremorris,http://aqicn.org/city/ireland/claremorris/
5110,52.8474255,-8.9887384,Ennis,http://aqicn.org/city/ireland/ennis/
5111,53.7275564,-7.793109,Longford,http://aqicn.org/city/ireland/longford/
5112,53.3218816,-6.2655052,"Rathmines, Ireland",https://aqicn.org/city/ireland/rathmines
5169,50.12944722,1.610833333,"Arrest, Picardie, France",https://aqicn.org/city/france/picardie/arrest
5723,52.486243,-1.890401,Birmingham,https://aqicn.org/city/birmingham
5724,51.5073509,-0.1277583,London,https://aqicn.org/city/london
5964,57.128567,-2.125447,"Aberdeen Anderson Dr, United Kingdom",https://aqicn.org/city/united-kingdom/scotland/aberdeen-anderson-dr
5965,57.169738,-2.095348,"Aberdeen King Street, United Kingdom",https://aqicn.org/city/united-kingdom/scotland/aberdeen-king-street
5966,57.141922,-2.091664,"Aberdeen Market Street 2, United Kingdom",https://aqicn.org/city/united-kingdom/scotland/aberdeen-market-street-2
5967,57.144555,-2.106472,"Aberdeen Union Street Roadside, United Kingdom",https://aqicn.org/city/united-kingdom/scotland/aberdeen-union-street-roadside
5968,57.134195,-2.093968,"Aberdeen Wellington Road, United Kingdom",https://aqicn.org/city/united-kingdom/scotland/aberdeen-wellington-road
5969,55.79216,-3.2429,"Auchencorth Moss, United Kingdom",https://aqicn.org/city/united-kingdom/scotland/auchencorth-moss
5970,56.467332,-2.943423,"Dundee Broughty Ferry Road, United Kingdom",https://aqicn.org/city/united-kingdom/scotland/dundee-broughty-ferry-road
5971,56.465126,-2.993867,"Dundee Lochee Road, United Kingdom",https://aqicn.org/city/united-kingdom/scotland/dundee-lochee-road
5972,56.475434,-2.959861,"Dundee Mains Loan, United Kingdom",https://aqicn.org/city/united-kingdom/scotland/dundee-mains-loan
5973,56.464258,-2.971386,"Dundee Meadowside, United Kingdom",https://aqicn.org/city/united-kingdom/scotland/dundee-meadowside
5974,56.462383,-2.96739,"Dundee Seagate, United Kingdom",https://aqicn.org/city/united-kingdom/scotland/dundee-seagate
5975,56.459167,-2.971389,"Dundee Union Street, United Kingdom",https://aqicn.org/city/united-kingdom/scotland/dundee-union-street
5976,55.607469,-4.497986,"E Ayrshire Kilmarnock St Marnock St, United Kingdom",https://aqicn.org/city/united-kingdom/scotland/e-ayrshire-kilmarnock-st-marnock-st
5977,55.61095,-4.499021,"East Ayrshire Kilmarnock John Finnie St, United Kingdom",https://aqicn.org/city/united-kingdom/scotland/east-ayrshire-kilmarnock-john-finnie-st
5978,55.919596,-4.333505,"East Dunbartonshire Bearsden, United Kingdom",https://aqicn.org/city/united-kingdom/scotland/east-dunbartonshire-bearsden
5979,55.904167,-4.225,"East Dunbartonshire Bishopbriggs, United Kingdom",https://aqicn.org/city/united-kingdom/scotland/east-dunbartonshire-bishopbriggs
5980,55.935921,-4.151759,"East Dunbartonshire Kirkintilloch, United Kingdom",https://aqicn.org/city/united-kingdom/scotland/east-dunbartonshire-kirkintilloch
5981,55.938253,-4.317753,"East Dunbartonshire Milngavie , United Kingdom",https://aqicn.org/city/united-kingdom/scotland/east-dunbartonshire-milngavie-
5982,55.786253,-4.274733,"East Renfrewshire Sheddens, United Kingdom",https://aqicn.org/city/united-kingdom/scotland/east-renfrewshire-sheddens
5983,55.939026,-3.392727,"Edinburgh Glasgow Road, United Kingdom",https://aqicn.org/city/united-kingdom/scotland/edinburgh-glasgow-road
5984,55.953837,-3.205481,"Edinburgh Queen Street, United Kingdom",https://aqicn.org/city/united-kingdom/scotland/edinburgh-queen-street
5985,55.960497,-3.30325,"Edinburgh Queensferry Road, United Kingdom",https://aqicn.org/city/united-kingdom/scotland/edinburgh-queensferry-road
5986,55.974594,-3.161455,"Edinburgh Salamander St, United Kingdom",https://aqicn.org/city/united-kingdom/scotland/edinburgh-salamander-st
5987,55.945589,-3.182186,"Edinburgh St Leonards, United Kingdom",https://aqicn.org/city/united-kingdom/scotland/edinburgh-st-leonards
5988,55.988456,-3.969288,"Falkirk Banknock, United Kingdom",https://aqicn.org/city/united-kingdom/scotland/falkirk-banknock
5989,56.018951,-3.721013,"Falkirk Grangemouth MC, United Kingdom",https://aqicn.org/city/united-kingdom/scotland/falkirk-grangemouth-mc
5990,55.991087,-3.941685,"Falkirk Haggs, United Kingdom",https://aqicn.org/city/united-kingdom/scotland/falkirk-haggs
5991,56.000507,-3.790128,"Falkirk West Bridge Street, United Kingdom",https://aqicn.org/city/united-kingdom/scotland/falkirk-west-bridge-street
5992,56.319444,-3.014167,"Fife Cupar, United Kingdom",https://aqicn.org/city/united-kingdom/scotland/fife-cupar
5993,56.07383,-3.44862,"Fife Dunfermline, United Kingdom",https://aqicn.org/city/united-kingdom/scotland/fife-dunfermline
5994,56.124331,-3.141347,"Fife Kirkcaldy, United Kingdom",https://aqicn.org/city/united-kingdom/scotland/fife-kirkcaldy
5995,56.036243,-3.417582,"Fife Rosyth, United Kingdom",https://aqicn.org/city/united-kingdom/scotland/fife-rosyth
5996,55.850556,-4.231111,"Glasgow Abercromby Street, United Kingdom",https://aqicn.org/city/united-kingdom/scotland/glasgow-abercromby-street
5997,55.87603,-4.318754,"Glasgow Broomhill, United Kingdom",https://aqicn.org/city/united-kingdom/scotland/glasgow-broomhill
5998,55.851071,-4.19714,"Glasgow Burgher St., United Kingdom",https://aqicn.org/city/united-kingdom/scotland/glasgow-burgher-st.
5999,55.874167,-4.294722,"Glasgow Byres Road, United Kingdom",https://aqicn.org/city/united-kingdom/scotland/glasgow-byres-road
6000,55.870766,-4.318448,"Glasgow Dumbarton Road, United Kingdom",https://aqicn.org/city/united-kingdom/scotland/glasgow-dumbarton-road
6001,55.85917,-4.258889,"Glasgow Kerbside, United Kingdom",https://aqicn.org/city/united-kingdom/scotland/glasgow-kerbside
6002,55.836256,-4.270768,"Glasgow Nithsdale Road, United Kingdom",https://aqicn.org/city/united-kingdom/scotland/glasgow-nithsdale-road
6003,55.865782,-4.243631,"Glasgow Townhead, United Kingdom",https://aqicn.org/city/united-kingdom/scotland/glasgow-townhead
6004,56.010319,-3.704399,"Grangemouth, United Kingdom",https://aqicn.org/city/united-kingdom/scotland/grangemouth
6005,55.944079,-4.734421,"Inverclyde Greenock A8, United Kingdom",https://aqicn.org/city/united-kingdom/scotland/inverclyde-greenock-a8
6006,55.84581,-3.947346,"N Lanarkshire Chapelhall, United Kingdom",https://aqicn.org/city/united-kingdom/scotland/n-lanarkshire-chapelhall
6007,55.851944,-4.019444,"N Lanarkshire Coatbridge Whifflet, United Kingdom",https://aqicn.org/city/united-kingdom/scotland/n-lanarkshire-coatbridge-whifflet
6008,55.957778,-4.039444,"N Lanarkshire Croy, United Kingdom",https://aqicn.org/city/united-kingdom/scotland/n-lanarkshire-croy
6009,55.908941,-4.082339,"N Lanarkshire Moodiesburn, United Kingdom",https://aqicn.org/city/united-kingdom/scotland/n-lanarkshire-moodiesburn
6010,55.788333,-3.986389,"N Lanarkshire Motherwell, United Kingdom",https://aqicn.org/city/united-kingdom/scotland/n-lanarkshire-motherwell
6011,55.843523,-4.023222,"N Lanarkshire Shawhead Coatbridge, United Kingdom",https://aqicn.org/city/united-kingdom/scotland/n-lanarkshire-shawhead-coatbridge
6012,55.614578,-4.666786,"North Ayrshire Irvine High St, United Kingdom",https://aqicn.org/city/united-kingdom/scotland/north-ayrshire-irvine-high-st
6013,55.843583,-4.037413,"North Lanarkshire Kirkshaws, United Kingdom",https://aqicn.org/city/united-kingdom/scotland/north-lanarkshire-kirkshaws
6014,55.841836,-4.423958,"Paisley Gordon Street, United Kingdom",https://aqicn.org/city/united-kingdom/scotland/paisley-gordon-street
6015,55.848115,-4.426619,"Paisley St James St, United Kingdom",https://aqicn.org/city/united-kingdom/scotland/paisley-st-james-st
6016,56.399327,-3.434182,"Perth Atholl Street, United Kingdom",https://aqicn.org/city/united-kingdom/scotland/perth-atholl-street
6017,56.373126,-3.841475,"Perth Crieff, United Kingdom",https://aqicn.org/city/united-kingdom/scotland/perth-crieff
6018,56.396597,-3.4324,"Perth High Street, United Kingdom",https://aqicn.org/city/united-kingdom/scotland/perth-high-street
6019,56.41467,-3.44964,"Perth Muirton, United Kingdom",https://aqicn.org/city/united-kingdom/scotland/perth-muirton
6020,55.470162,-4.633681,"South Ayrshire Ayr Harbour, United Kingdom",https://aqicn.org/city/united-kingdom/scotland/south-ayrshire-ayr-harbour
6021,55.464531,-4.631673,"South Ayrshire Ayr High St, United Kingdom",https://aqicn.org/city/united-kingdom/scotland/south-ayrshire-ayr-high-st
6022,55.775278,-4.163611,"South Lanarkshire East Kilbride, United Kingdom",https://aqicn.org/city/united-kingdom/scotland/south-lanarkshire-east-kilbride
6023,55.774018,-4.03736,"South Lanarkshire Hamilton, United Kingdom",https://aqicn.org/city/united-kingdom/scotland/south-lanarkshire-hamilton
6024,56.11472,-3.932178,"Stirling Craig's Roundabout, United Kingdom",https://aqicn.org/city/united-kingdom/scotland/stirling-craigs-roundabout
6025,55.934357,-3.46919,"West Lothian Broxburn, United Kingdom",https://aqicn.org/city/united-kingdom/scotland/west-lothian-broxburn
6026,55.97671,-3.59731,"West Lothian Linlithgow High Street 2, United Kingdom",https://aqicn.org/city/united-kingdom/scotland/west-lothian-linlithgow-high-street-2
6027,55.983925,-3.455939,"West Lothian Newton, United Kingdom",https://aqicn.org/city/united-kingdom/scotland/west-lothian-newton
6028,54.353728,-6.654558,"Armagh Lonsdale Road, United Kingdom",https://aqicn.org/city/united-kingdom/northenireland/armagh-lonsdale-road
6029,54.861595,-6.250873,"Ballymena Ballykeel, United Kingdom",https://aqicn.org/city/united-kingdom/northenireland/ballymena-ballykeel
6030,54.59965,-5.928833,"Belfast Centre, United Kingdom",https://aqicn.org/city/united-kingdom/northenireland/belfast-centre
6031,54.572586,-5.974944,"Belfast Stockman's Lane, United Kingdom",https://aqicn.org/city/united-kingdom/northenireland/belfast-stockmans-lane
6032,55.001225,-7.329115,Derry Brooke Park,http://aqicn.org/city/united-kingdom/northenireland/derry-brooke-park/
6033,54.43951,-7.900328,"Lough Navar, United Kingdom",https://aqicn.org/city/united-kingdom/northenireland/lough-navar
6034,54.180381,-6.33924,"Newry Canal Street, United Kingdom",https://aqicn.org/city/united-kingdom/northenireland/newry-canal-street
6035,54.178861,-6.348254,Newry Monaghan Row,http://aqicn.org/city/united-kingdom/northenireland/newry-monaghan-row/
6036,54.821427,-7.453291,"Strabane Springhill Park, United Kingdom",https://aqicn.org/city/united-kingdom/northenireland/strabane-springhill-park
6246,50.95780278,1.890077758,"Calais Parmentier, Nord-Pas-de-Calais, France",https://aqicn.org/city/france/nord-pas-de-calais/calais-parmentier
6248,50.71308889,1.607816667,"Boulogne-sur-mer, Nord-Pas-de-Calais, France",https://aqicn.org/city/france/nord-pas-de-calais/boulogne-sur-mer
6249,50.69435278,1.576572441,"Outreau, Nord-Pas-de-Calais, France",https://aqicn.org/city/france/nord-pas-de-calais/outreau
6339,55.944008,-3.059223,"East Lothian Musselburgh N High St, United Kingdom",https://aqicn.org/city/united-kingdom/scotland/east-lothian-musselburgh-n-high-st
6340,55.896909,-3.31966,"Edinburgh Currie, United Kingdom",https://aqicn.org/city/united-kingdom/scotland/edinburgh-currie
6341,55.861667,-4.271389,"Glasgow Anderston, United Kingdom",https://aqicn.org/city/united-kingdom/scotland/glasgow-anderston
6342,54.543516,-6.008608,"Lisburn Dunmurry Seymour Hill, United Kingdom",https://aqicn.org/city/united-kingdom/northenireland/lisburn-dunmurry-seymour-hill
6343,54.177794,-6.336044,Newry Trevor Hill,http://aqicn.org/city/united-kingdom/northenireland/newry-trevor-hill/
6344,54.641963,-5.837939,"North Down Holywood A2, United Kingdom",https://aqicn.org/city/united-kingdom/northenireland/north-down-holywood-a2
7944,51.552476,-0.258089,"Brent - Ikea, United Kingdom",https://aqicn.org/city/united-kingdom/brent-ikea
7945,51.52770662,-0.129053205,"Camden - Euston Road, United Kingdom",https://aqicn.org/city/united-kingdom/camden-euston-road
7946,51.526454,-0.08491,"Hackney - Old Street, United Kingdom",https://aqicn.org/city/united-kingdom/hackney-old-street
7947,51.52078746,0.205460706,"Havering - Rainham, United Kingdom",https://aqicn.org/city/united-kingdom/havering-rainham
7948,51.51504617,-0.008418493,"Tower Hamlets - Blackwall, United Kingdom",https://aqicn.org/city/united-kingdom/tower-hamlets-blackwall
7949,51.51452534,-0.104515626,"City of London - Farringdon Street, United Kingdom",https://aqicn.org/city/united-kingdom/city-of-london-farringdon-street
7950,51.50851648,-0.392208459,Ealing - Southall FDMS,http://aqicn.org/city/united-kingdom/ealing-southall-fdms/
7951,51.49464868,0.137279111,"Bexley - Belvedere West, United Kingdom",https://aqicn.org/city/united-kingdom/bexley-belvedere-west
7952,51.49061021,0.158914494,"Bexley - Belvedere, United Kingdom",https://aqicn.org/city/united-kingdom/bexley-belvedere
7953,51.490532,0.074003,"Greenwich - A206 Burrage Grove, United Kingdom",https://aqicn.org/city/united-kingdom/greenwich-a206-burrage-grove
7954,51.486957,0.095111,"Greenwich - Plumstead High Street, United Kingdom",https://aqicn.org/city/united-kingdom/greenwich-plumstead-high-street
7955,51.486884,0.017901,"Greenwich - Woolwich Flyover, United Kingdom",https://aqicn.org/city/united-kingdom/greenwich-woolwich-flyover
7956,51.474954,-0.039641,"Lewisham - New Cross, United Kingdom",https://aqicn.org/city/united-kingdom/lewisham-new-cross
7957,51.456357,0.040725,"Greenwich - Westhorne Avenue, United Kingdom",https://aqicn.org/city/united-kingdom/greenwich-westhorne-avenue
7958,51.4563,0.085606,"Greenwich and Bexley - Falconwood, United Kingdom",https://aqicn.org/city/united-kingdom/greenwich-and-bexley-falconwood
7959,51.3892869,-0.141661525,"Sutton - Beddington Lane north, United Kingdom",https://aqicn.org/city/united-kingdom/sutton-beddington-lane-north
8045,57.15736,-2.094278,"Aberdeen Errol Place, United Kingdom",https://aqicn.org/city/united-kingdom/scotland/aberdeen-errol-place
8046,55.79412,-4.354968,"Glasgow Waulkmillglen Reservoir, United Kingdom",https://aqicn.org/city/united-kingdom/scotland/glasgow-waulkmillglen-reservoir
8047,55.818357,-4.081839,"South Lanarkshire Uddingston, United Kingdom",https://aqicn.org/city/united-kingdom/scotland/south-lanarkshire-uddingston
8048,55.91796,-4.406231,"West Dunbartonshire Clydebank, United Kingdom",https://aqicn.org/city/united-kingdom/scotland/west-dunbartonshire-clydebank
8049,56.117258,-3.791896,"Alloa, United Kingdom",https://aqicn.org/city/united-kingdom/scotland/alloa
8050,55.860936,-4.238214,"Glasgow High Street, United Kingdom",https://aqicn.org/city/united-kingdom/scotland/glasgow-high-street
8051,55.863313,-4.390978,"Renfrew Cockels Loan, United Kingdom",https://aqicn.org/city/united-kingdom/scotland/renfrew-cockels-loan
8052,55.828408,-4.218786,"South Lanarkshire Rutherglen, United Kingdom",https://aqicn.org/city/united-kingdom/scotland/south-lanarkshire-rutherglen
8053,53.290642,-4.406563,"Anglesey Llynfaes, United Kingdom",https://aqicn.org/city/united-kingdom/wales/anglesey-llynfaes
8054,53.24528,-4.199496,Anglesey Penhesgyn 2,http://aqicn.org/city/united-kingdom/wales/anglesey-penhesgyn-2/
8055,51.666667,-3.194919,"Caerphilly Blackwood High Street, United Kingdom",https://aqicn.org/city/united-kingdom/wales/caerphilly-blackwood-high-street
8056,51.74032,-3.2983,"Caerphilly Fochriw, United Kingdom",https://aqicn.org/city/united-kingdom/wales/caerphilly-fochriw
8057,51.573962,-3.218084,"Caerphilly White Street, United Kingdom",https://aqicn.org/city/united-kingdom/wales/caerphilly-white-street
8058,51.638094,-2.678731,"Chepstow A48, United Kingdom",https://aqicn.org/city/united-kingdom/wales/chepstow-a48
8059,51.601203,-2.977281,"Newport St Julians Comp School, United Kingdom",https://aqicn.org/city/united-kingdom/wales/newport-st-julians-comp-school
8060,51.590233,-3.786049,"Port Talbot Docks, United Kingdom",https://aqicn.org/city/united-kingdom/wales/port-talbot-docks
8061,51.572433,-3.751092,"Port Talbot Dyffryn School, United Kingdom",https://aqicn.org/city/united-kingdom/wales/port-talbot-dyffryn-school
8062,51.58493,-3.801069,"Port Talbot Little Warren, United Kingdom",https://aqicn.org/city/united-kingdom/wales/port-talbot-little-warren
8063,51.579656,-3.766465,"Port Talbot Prince Street 2, United Kingdom",https://aqicn.org/city/united-kingdom/wales/port-talbot-prince-street-2
8064,51.591479,-3.779197,"Port Talbot Talbot Road, United Kingdom",https://aqicn.org/city/united-kingdom/wales/port-talbot-talbot-road
8065,51.589942,-3.772005,"Port Talbot Theodore Road, United Kingdom",https://aqicn.org/city/united-kingdom/wales/port-talbot-theodore-road
8066,51.576676,-3.759005,"Port Talbot Twll-yn-y-Wal Park, United Kingdom",https://aqicn.org/city/united-kingdom/wales/port-talbot-twll-yn-y-wal-park
8067,51.565439,-3.256145,Rhondda-Cynon-Taf Nantgarw,http://aqicn.org/city/united-kingdom/wales/rhondda-cynon-taf-nantgarw/
8068,51.662122,-3.921301,"Swansea Morriston Roadside, United Kingdom",https://aqicn.org/city/united-kingdom/wales/swansea-morriston-roadside
8069,51.61968,-3.33232,"Rhondda Glyncoch Garth Avenue, United Kingdom",https://aqicn.org/city/united-kingdom/wales/rhondda-glyncoch-garth-avenue
8070,52.629444,1.296667,"Norwich Castle Meadow, United Kingdom",https://aqicn.org/city/united-kingdom/norfolk/norwich-castle-meadow
8071,52.462778,0.814722,"Breckland East Wretham, United Kingdom",https://aqicn.org/city/united-kingdom/norfolk/breckland-east-wretham
8072,52.766667,0.393611,"King's Lynn Estuary Close OSIRIS, United Kingdom",https://aqicn.org/city/united-kingdom/norfolk/kings-lynn-estuary-close-osiris
8073,52.7575,0.392222,"Kings Lynn Page Stair Lane OSIRIS, United Kingdom",https://aqicn.org/city/united-kingdom/norfolk/kings-lynn-page-stair-lane-osiris
8074,52.765278,0.400833,"King’s Lynn North Lynn, United Kingdom",https://aqicn.org/city/united-kingdom/norfolk/kings-lynn-north-lynn
8075,52.656667,0.511944,Kings Lynn Stoke Ferry OSIRIS,http://aqicn.org/city/united-kingdom/norfolk/kings-lynn-stoke-ferry-osiris/
8076,52.740278,0.395556,King's Lynn St Michael's OSIRIS,http://aqicn.org/city/united-kingdom/norfolk/kings-lynn-st-michaels-osiris/
8077,51.662222,-0.264167,"Hertsmere Borehamwood Background, United Kingdom",https://aqicn.org/city/united-kingdom/hertsbeds/hertsmere-borehamwood-background
8078,51.659722,-0.26194,"Hertsmere Borehamwood Roadside, United Kingdom",https://aqicn.org/city/united-kingdom/hertsbeds/hertsmere-borehamwood-roadside
8079,51.659167,-0.402778,"Watford Town Hall, United Kingdom",https://aqicn.org/city/united-kingdom/hertsbeds/watford-town-hall
8082,51.877778,-0.376389,"Luton Airport, United Kingdom",https://aqicn.org/city/united-kingdom/hertsbeds/luton-airport
8138,51.688254,-4.993565,Pembroke Power Station,http://aqicn.org/city/united-kingdom/wales/pembroke-power-station/
8618,50.61047931,1.9914529,"Campagne-lès-B., Nord-Pas-de-Calais, France",https://aqicn.org/city/france/nord-pas-de-calais/campagne-les-b.
8620,49.51421414,0.100861112,"Ville-haute EREA Genevoix, Le Havre, France",https://aqicn.org/city/france/le-havre/ville-haute-erea-genevoix
8667,55.673936,-3.775658,"South Lanarkshire Lanark, United Kingdom",https://aqicn.org/city/united-kingdom/scotland/south-lanarkshire-lanark
8668,56.117343,-3.791818,"Alloa A907, United Kingdom",https://aqicn.org/city/united-kingdom/scotland/alloa-a907
8669,56.642076,-2.894328,"Angus Forfar Glamis Rd, United Kingdom",https://aqicn.org/city/united-kingdom/scotland/angus-forfar-glamis-rd
8670,55.843583,-4.037413,"North Lanarkshire Kirkshaw, United Kingdom",https://aqicn.org/city/united-kingdom/scotland/north-lanarkshire-kirkshaw
8671,55.818802,-4.167073,"South Lanarkshire Cambuslang, United Kingdom",https://aqicn.org/city/united-kingdom/scotland/south-lanarkshire-cambuslang
8911,53.244131,-1.454946,"Chesterfield Loundsley Green, United Kingdom",https://aqicn.org/city/united-kingdom/chesterfield-loundsley-green
8912,51.149617,-1.438228,"Chilbolton Observatory, United Kingdom",https://aqicn.org/city/united-kingdom/chilbolton-observatory
8913,52.411563,-1.560228,"Coventry Allesley, United Kingdom",https://aqicn.org/city/united-kingdom/coventry-allesley
8914,55.002818,-7.331179,"Derry Rosemount, United Kingdom",https://aqicn.org/city/united-kingdom/derry-rosemount
8915,55.860936,-4.238214,"Glasgow High Street, United Kingdom",https://aqicn.org/city/united-kingdom/glasgow-high-street
8916,54.565819,-1.3159,"Stockton-on-Tees A1305 Roadside, United Kingdom",https://aqicn.org/city/united-kingdom/stockton-on-tees-a1305-roadside
8917,51.462839,-2.584482,"Bristol St Paul's, United Kingdom",https://aqicn.org/city/united-kingdom/bristol-st-pauls
8918,51.57661,0.030858,"Redbridge - Gardner Close, United Kingdom",https://aqicn.org/city/united-kingdom/redbridge-gardner-close
8919,51.51384718,-0.077765682,"City of London - Sir John Cass School, United Kingdom",https://aqicn.org/city/united-kingdom/city-of-london-sir-john-cass-school
8920,51.510808,0.121617,"Bexley - Thamesmead, United Kingdom",https://aqicn.org/city/united-kingdom/bexley-thamesmead
8921,51.492571,0.017697,"Greenwich - Millennium Village, United Kingdom",https://aqicn.org/city/united-kingdom/greenwich-millennium-village
8922,51.4563,0.085606,"Greenwich and Bexley - Falconwood FDMS, United Kingdom",https://aqicn.org/city/united-kingdom/greenwich-and-bexley-falconwood-fdms
8923,51.410039,-0.127523,"Croydon - Norbury Manor, United Kingdom",https://aqicn.org/city/united-kingdom/croydon-norbury-manor
8924,51.444567,-3.187042,"V Glamorgan Windsor Road Penarth, United Kingdom",https://aqicn.org/city/united-kingdom/wales/v-glamorgan-windsor-road-penarth
8925,53.410479,-4.493642,"Anglesey Felin Cafnan, United Kingdom",https://aqicn.org/city/united-kingdom/wales/anglesey-felin-cafnan
8926,55.002851,-7.331128,"Derry Rosemount, United Kingdom",https://aqicn.org/city/united-kingdom/northenireland/derry-rosemount
9041,51.56948433,0.082907475,"Redbridge - Ley Street, United Kingdom",https://aqicn.org/city/united-kingdom/redbridge-ley-street
9042,53.307155,-4.274216,"Anglesey Brynteg, United Kingdom",https://aqicn.org/city/united-kingdom/wales/anglesey-brynteg
9043,53.5032996,-2.38139048,"Salford M60, United Kingdom",https://aqicn.org/city/united-kingdom/salford-m60
9044,53.44853081,-2.32097439,"Trafford, United Kingdom",https://aqicn.org/city/united-kingdom/trafford
9045,53.52515502,-2.27901456,"Bury Prestwich, United Kingdom",https://aqicn.org/city/united-kingdom/bury-prestwich
9046,53.563481,-2.330732,"Bury Radcliffe, United Kingdom",https://aqicn.org/city/united-kingdom/bury-radcliffe
9047,53.471802,-2.237572,"Manchester Oxford Road, United Kingdom",https://aqicn.org/city/united-kingdom/manchester-oxford-road
9048,53.3771105,-2.12021337,"Stockport Hazel Grove, United Kingdom",https://aqicn.org/city/united-kingdom/stockport-hazel-grove
9049,53.458994,-2.005694,"Tameside Mottram Moor, United Kingdom",https://aqicn.org/city/united-kingdom/tameside-mottram-moor
9050,53.44544109,-2.10083371,"Tameside Two Trees School, United Kingdom",https://aqicn.org/city/united-kingdom/tameside-two-trees-school
9051,53.4424622,-2.31132399,"Trafford A56, United Kingdom",https://aqicn.org/city/united-kingdom/trafford-a56
9080,53.46008,-2.472056,"Glazebury, United Kingdom",https://aqicn.org/city/united-kingdom/glazebury
9081,53.368889,-2.243333,Manchester South SO2,http://aqicn.org/city/united-kingdom/manchester-south-so2/
9579,56.45974,-2.970708,"Dundee Whitehall Street, United Kingdom",https://aqicn.org/city/united-kingdom/scotland/dundee-whitehall-street
9580,55.9425,-3.281111,"Edinburgh St John's Road, United Kingdom",https://aqicn.org/city/united-kingdom/scotland/edinburgh-st-johns-road
9581,56.002188,-3.784352,"Falkirk Graham's Road, United Kingdom",https://aqicn.org/city/united-kingdom/scotland/falkirk-grahams-road
9582,56.013572,-3.789022,"Falkirk Main St Bainsford, United Kingdom",https://aqicn.org/city/united-kingdom/scotland/falkirk-main-st-bainsford
9583,55.836203,-4.508783,"Renfrewshire Johnston, United Kingdom",https://aqicn.org/city/united-kingdom/scotland/renfrewshire-johnston
9584,55.798813,-4.058363,"South Lanarkshire Raith Interchange 2, United Kingdom",https://aqicn.org/city/united-kingdom/scotland/south-lanarkshire-raith-interchange-2
10088,49.9180081,1.073972133,"Dieppe, avenue Gambetta, Trafic, France",https://aqicn.org/city/france/normandie/dieppe--avenue-gambetta--trafic
10089,49.50019176,0.110902804,"Rue  Lafaurie Trafic, Le Havre, France",https://aqicn.org/city/france/le-havre/rue--lafaurie-trafic
10096,50.73957,-1.826744,"Bournemouth, United Kingdom",https://aqicn.org/city/united-kingdom/bournemouth
10097,50.735454,-1.780888,"Christchurch Barrack Road, United Kingdom",https://aqicn.org/city/united-kingdom/christchurch-barrack-road
10098,55.944079,-4.734421,"Greenock A8 Roadside, United Kingdom",https://aqicn.org/city/united-kingdom/greenock-a8-roadside
10099,52.272257,-0.916605,"Northampton Spring Park, United Kingdom",https://aqicn.org/city/united-kingdom/northampton-spring-park
10100,53.40495,-1.455815,"Sheffield Barnsley Road, United Kingdom",https://aqicn.org/city/united-kingdom/sheffield-barnsley-road
10101,52.47609,-1.875024,"Birmingham A4540 Roadside, United Kingdom",https://aqicn.org/city/united-kingdom/birmingham-a4540-roadside
10102,51.53240546,-0.217718909,"Brent - Ark Franklin Academy, United Kingdom",https://aqicn.org/city/united-kingdom/brent-ark-franklin-academy
10103,51.48390725,0.000407397,"Greenwich - Trafalgar Road (Hoskins St), United Kingdom",https://aqicn.org/city/united-kingdom/greenwich-trafalgar-road-hoskins-st
10104,51.45298471,-0.944461433,"Reading - New Town, United Kingdom",https://aqicn.org/city/united-kingdom/reading-new-town
10105,52.614167,1.301944,"Norwich Lakenfields AURN, United Kingdom",https://aqicn.org/city/united-kingdom/norfolk/norwich-lakenfields-aurn
10106,52.746111,0.402,"Kings Lynn Southgates, United Kingdom",https://aqicn.org/city/united-kingdom/norfolk/kings-lynn-southgates
10107,52.57194,0.511944,King’s Lynn Stoke Ferry Furlong Road,http://aqicn.org/city/united-kingdom/norfolk/kings-lynn-stoke-ferry-furlong-road/
10108,52.570278,0.513333,"King's Lynn Stoke Ferry Wretton Road, United Kingdom",https://aqicn.org/city/united-kingdom/norfolk/kings-lynn-stoke-ferry-wretton-road
10678,51.48178,-3.17625,"Cardiff Centre, United Kingdom",https://aqicn.org/city/united-kingdom/wales/cardiff-centre
10679,51.6538,-3.006953,"Cwmbran, United Kingdom",https://aqicn.org/city/united-kingdom/wales/cwmbran
10680,51.781784,-4.691462,"Narberth, United Kingdom",https://aqicn.org/city/united-kingdom/wales/narberth
10681,51.58395,-3.770822,"Port Talbot Margam, United Kingdom",https://aqicn.org/city/united-kingdom/wales/port-talbot-margam
10682,51.632696,-3.947374,"Swansea Roadside, United Kingdom",https://aqicn.org/city/united-kingdom/wales/swansea-roadside
10683,53.24528,-4.199496,"Anglesey Penhesgyn 3, United Kingdom",https://aqicn.org/city/united-kingdom/wales/anglesey-penhesgyn-3
10684,51.49096,-3.152305,"Cardiff Newport Road, United Kingdom",https://aqicn.org/city/united-kingdom/wales/cardiff-newport-road
10873,57.481308,-4.241451,"Inverness, United Kingdom",https://aqicn.org/city/united-kingdom/inverness
10874,51.49467,-0.131931,"London Westminster, United Kingdom",https://aqicn.org/city/united-kingdom/london-westminster
10875,51.53240546,-0.217718909,"Brent - ARK Franklin Primary Academy, United Kingdom",https://aqicn.org/city/united-kingdom/brent-ark-franklin-primary-academy
10876,51.49377467,0.010779624,"Greenwich - John Harrison Way, United Kingdom",https://aqicn.org/city/united-kingdom/greenwich-john-harrison-way
10877,57.481308,-4.241451,"Inverness, United Kingdom",https://aqicn.org/city/united-kingdom/scotland/inverness
10945,49.50275308,0.232486223,"Gonfreville L Orcher - Parc De La Mairie, Le Havre, France",https://aqicn.org/city/france/le-havre/gonfreville-l-orcher-parc-de-la-mairie
11651,53.04222,-3.002778,"Wrexham, United Kingdom",https://aqicn.org/city/united-kingdom/wrexham
11652,52.481346,-1.918235,"Birmingham Ladywood, United Kingdom",https://aqicn.org/city/united-kingdom/birmingham-ladywood
11653,51.449674,-0.037418,"London Honor Oak Park, United Kingdom",https://aqicn.org/city/united-kingdom/london-honor-oak-park
11654,56.001956,-3.786485,"Falkirk Hope St, United Kingdom",https://aqicn.org/city/united-kingdom/scotland/falkirk-hope-st
11655,55.793907,-4.092354,"South Lanarkshire Blantyre, United Kingdom",https://aqicn.org/city/united-kingdom/scotland/south-lanarkshire-blantyre
11656,55.976262,-3.163964,"Edinburgh Tower Street, United Kingdom",https://aqicn.org/city/united-kingdom/scotland/edinburgh-tower-street
11657,55.783432,-3.98179,"N Lanarkshire Motherwell Civic Centre, United Kingdom",https://aqicn.org/city/united-kingdom/scotland/n-lanarkshire-motherwell-civic-centre
11676,50.94988889,1.769172204,"Sangatte, Nord-Pas-de-Calais, France",https://aqicn.org/city/france/nord-pas-de-calais/sangatte
11766,51.489398,-0.310081,"Hounslow Brentford, United Kingdom",https://aqicn.org/city/united-kingdom/hounslow-brentford
11767,51.492507,-0.257252,"Hounslow Chiswick, United Kingdom",https://aqicn.org/city/united-kingdom/hounslow-chiswick
11768,51.562376,-0.004898,"Waltham Forest Dawlish Rd, United Kingdom",https://aqicn.org/city/united-kingdom/waltham-forest-dawlish-rd
12503,51.537799,-0.247793,"Brent - John Keble Primary School, United Kingdom",https://aqicn.org/city/united-kingdom/brent-john-keble-primary-school
12504,51.552656,-0.248774,"Brent - Neasden Lane, United Kingdom",https://aqicn.org/city/united-kingdom/brent-neasden-lane
